<?xml version="1.0" encoding="UTF-8"?>
<project-private xmlns="http://www.netbeans.org/ns/project-private/1">
    <editor-bookmarks xmlns="http://www.netbeans.org/ns/editor-bookmarks/2" lastBookmarkId="0"/>
    <open-files xmlns="http://www.netbeans.org/ns/projectui-open-files/2">
        <group>
            <file>file:/C:/Users/mczcsg1/Desktop/RevManHal/src/revmanhalcochranemode/FrameTranslate.java</file>
            <file>file:/C:/Users/mczcsg1/Desktop/RevManHal/src/revmanhalcochranemode/FrameAbout.java</file>
            <file>file:/C:/Users/mczcsg1/Desktop/RevManHal/src/revmanhalcochranemode/Review.java</file>
            <file>file:/C:/Users/mczcsg1/Desktop/RevManHal/src/revmanhalcochranemode/FrameEdit.java</file>
            <file>file:/C:/Users/mczcsg1/Desktop/RevManHal/src/revmanhalcochranemode/FrameTextGen.java</file>
            <file>file:/C:/Users/mczcsg1/Desktop/RevManHal/src/revmanhalcochranemode/FrameStart.java</file>
            <file>file:/C:/Users/mczcsg1/Desktop/RevManHal/src/revmanhalcochranemode/Language.java</file>
        </group>
    </open-files>
</project-private>
